Processi,TempoMedio,Speedup,Efficienza
1,17.985508,1.0000,1.0000
2,14.300283,1.2577,.6288
4,9.466169,1.8999,.4749
