Processi,TempoMedio,Speedup,Efficienza
1,0.023489,1.0000,1.0000
2,0.016978,1.3834,.6917
4,0.013108,1.7919,.4479
