Processi,TempoMedio,Speedup,Efficienza
1,0.273580,1.0000,1.0000
2,0.207081,1.3211,.6605
4,0.153292,1.7846,.4461
