Processi,TempoMedio,Speedup,Efficienza
1,0.154157,1.0,1.0
2,0.089967,1.7134,.8567
4,0.075974,2.0290,.5072
8,0.058601,2.6306,.3288
16,0.041405,3.7231,.2326
